text,label
The World Bank approved financing for climate resilience infrastructure across vulnerable Pacific island nations.,0
NASA's James Webb Space Telescope detected carbon dioxide on exoplanet WASP-39 b.,0
The National Weather Service issued blizzard warnings for mountainous regions of the Pacific Northwest.,0
Astronomers identified an Earth-sized exoplanet orbiting within the habitable zone of star TOI-700.,0
Secret patent proves airplanes are dropping nano-robot dust to track citizens through domestic Wi-Fi routers!,1
UNBELIEVABLE: Eating banana peels fried in olive oil cancels out the need for insulin injections!,1
They are hiding the real cure for cancer in an underground vault to protect pharmaceutical profits!,1
Miracle mineral solution cures autism and malaria in hours - health agencies are suppressing the truth!,1
CDC reported that routine childhood vaccination rates remained above 93 percent nationwide.,0
Oxford University researchers completed phase 3 safety trials for an updated booster formulation.,0
Atmospheric scientists found that the Antarctic ozone layer continues its gradual recovery trajectory.,0
The Smithsonian National Zoo announced the arrival of giant pandas under a renewed cooperative breeding agreement.,0
Hidden camera footage proves aliens run the central banking system from an Antarctic geothermal base!,1
Eating raw onions placed in socks while sleeping extracts deadly vaccine toxins directly through your feet!,1
Ancient Egyptian pyramid frequency cures Alzheimer's disease - pharmaceutical companies filed a lawsuit to hide it!,1
Wearing tin foil hats with copper wire completely blocks 5G government surveillance frequencies!,1
5G cellular towers are transmitting frequencies specifically calibrated to alter human brainwaves and control thoughts!,1
NASA scientist admits the Moon landing was filmed in an underground Hollywood bunker with Stanley Kubrick!,1
Geological survey teams recorded volcanic tremors preceding an eruption on the Reykjanes Peninsula.,0
Researchers discovered fossil evidence of a previously unknown titanosaur species in Argentina.,0
SHOCKING PROOF: Drinking boiled garlic water cures 100% of all viral infections overnight!,1
Secret military report admits cloud formations are artificial screens hiding incoming planet Nibiru!,1
Holding crystals near your phone screen absorbs 100 percent of harmful electromagnetic radiation!,1
This suppressed audio frequency will magically vibrate your pineal gland and cure chronic arthritis instantly!,1
Microchips hidden inside flu shots connect your bloodstream to satellite tracking arrays!,1
Clinical trials published in The Lancet indicate a new malaria vaccine demonstrates 77 percent efficacy.,0
The European Space Agency launched the Euclid mission to study the geometry of dark energy.,0
WHO guidelines emphasize that regular aerobic exercise reduces the risk of chronic hypertension.,0
Big Pharma is terrified of this Himalayan root that regenerates lost teeth in seven days guaranteed!,1
Microwave ovens emit radioactive rays that scramble your DNA and turn healthy blood cells cancerous!,1
DeepMind released an updated AlphaFold model predicting molecular interactions with DNA and RNA.,0
Putting garlic cloves in your ear canal cures pneumonia and restores lost hearing within 24 hours!,1
"A peer-reviewed study in Nature Medicine analyzed cardiovascular outcomes across 50,000 participants.",0
Researchers at Stanford developed a battery electrolyte that operates reliably in subzero temperatures.,0
Eating ground eggshells with vinegar eliminates osteoporosis in 48 hours according to suppressed Soviet trials!,1
Drinking silver colloidal water renders your immune system totally immortal against every known pathogen!,1
A secret elite group is artificially faking earthquakes with underwater sonic cannons to control coastal real estate!,1
Cell phone towers in residential neighborhoods cause instantaneous DNA denaturation in house pets!,1
Marine biologists observed coral spawning events along the northern sections of the Great Barrier Reef.,0
Electric vehicle registrations accounted for 22 percent of new car sales in Germany last quarter.,0
Surgeons admit placing magnets on your temples eliminates the need for prescription blood thinners!,1
High-speed rail passenger volume in France grew by 8 percent over the previous calendar year.,0
Drinking warm water with cinnamon immediately dissolves blood clots in arteries before doctors can intervene!,1
Scientists at MIT developed a low-cost water filtration membrane using recycled plant cellulose.,0
Drinking raw untreated ditch water immunizes your digestive tract from all bacteria forever!,1
Tap water contains synthetic memory molecules programmed by intelligence agencies to induce compliance!,1
CERN physicists announced precision measurements of the W boson mass consistent with the Standard Model.,0
Federal Reserve officials announced a 25 basis point reduction in the benchmark interest rate.,0
"Archaeologists uncovered 3,000-year-old bronze artifacts during a rescue excavation in northern Greece.",0
Pouring hydrogen peroxide into the bloodstream revitalizes dying organs instantly and prevents cardiac arrest!,1
Public health authorities confirmed that drinking adequate water and balanced nutrition support immune function.,0
Baking soda and maple syrup combined creates an alkaline cure that annihilates leukemia cells overnight!,1
Japan's meteorological agency issued high surf advisories following an offshore magnitude 6.2 earthquake.,0
Global atmospheric carbon dioxide concentrations reached 424 parts per million according to NOAA.,0
Eating apple seeds cures terminal diabetes because vitamin B17 kills all diseased pancreatic cells!,1
The World Health Organization confirmed an increase in seasonal influenza cases across Europe.,0
Satellite imagery confirmed the steady calving of iceberg A-23a as it drifts through the Southern Ocean.,0
Seismologists reported no immediate tsunami threat following a deep-focus tremor in the Tonga Trench.,0
Clinical data submitted to health regulators showed no statistically significant link between vaccines and autism.,0
Applying turmeric and battery acid to skin removes malignant melanomas safely at home!,1
